count,abs_min,abs_max,signed_min:,signed_max,median(abs),relative-l2,99th percentile(abs),95th percentile(abs),90th percentile(abs),mapping,constraint,mesh A,mesh B,ranks A,ranks B,globalTime,mapDataTime,initializeTime,computeMappingTime,peakMemA,peakMemB
3458,3.3306690738754696e-16,0.01582390267254552,-0.01582390267254552,0.015021340046292853,0.00040468910964214233,0.0025420451904760825,0.011347271673694785,0.005927831519732701,0.0037941465905994855,tps,consistent,coarse_mesh,fine_mesh,2,2,1284479.0,22939.0,1217894.0,3774.0,165944.0,182112.0
3458,0.0,0.170618295637461,-0.1356635567818767,0.170618295637461,0.00567422622697189,0.015432644745348018,0.06286104304015887,0.02849749483589737,0.019230201702698457,np,consistent,coarse_mesh,fine_mesh,2,2,704443.0,692.0,660757.0,237021.0,166672.0,170984.0
